{
	"credit": "Made with Blockbench",
	"texture_size": [64, 64],
	"textures": {
		"0": "item/sword_1",
		"particle": "item/sword_1"
	},
	"elements": [
		{
			"from": [7.1, -5.4, 7.1],
			"to": [8.9, 4.86, 8.9],
			"rotation": {"angle": 45, "axis": "y", "origin": [8, -4.5, 8]},
			"faces": {
				"north": {"uv": [1.25, 5, 1.75, 7.5], "texture": "#0"},
				"east": {"uv": [1.75, 5, 2.25, 7.5], "texture": "#0"},
				"south": {"uv": [2.25, 5, 2.75, 7.5], "texture": "#0"},
				"west": {"uv": [5.25, 0.75, 5.75, 3.25], "texture": "#0"},
				"up": {"uv": [5, 7.25, 4.5, 6.75], "texture": "#0"},
				"down": {"uv": [7.25, 6, 6.75, 6.5], "texture": "#0"}
			}
		},
		{
			"from": [6.5, -6.075, 6.625],
			"to": [9.5, -3.075, 9.375],
			"rotation": {"angle": 45, "axis": "z", "origin": [8, -4.575, 8]},
			"faces": {
				"north": {"uv": [5.75, 7.5, 6.25, 7], "texture": "#0"},
				"east": {"uv": [7, 4.5, 7.5, 5], "texture": "#0"},
				"south": {"uv": [5.75, 7, 6.25, 7.5], "texture": "#0"},
				"west": {"uv": [6.25, 7, 6.75, 7.5], "texture": "#0"},
				"up": {"uv": [7.5, 7, 7, 6.5], "texture": "#0"},
				"down": {"uv": [7.25, 7, 6.75, 7.5], "texture": "#0"}
			}
		},
		{
			"from": [6.5, 5.95, 7.05],
			"to": [9.5, 8.95, 8.95],
			"rotation": {"angle": 45, "axis": "z", "origin": [8, 7.45, 8]},
			"faces": {
				"north": {"uv": [0.5, 7.75, 1, 7.25], "texture": "#0"},
				"east": {"uv": [7.25, 0, 7.75, 0.5], "texture": "#0"},
				"south": {"uv": [0.5, 7.25, 1, 7.75], "texture": "#0"},
				"west": {"uv": [7.25, 4, 7.75, 4.5], "texture": "#0"},
				"up": {"uv": [5, 7.75, 4.5, 7.25], "texture": "#0"},
				"down": {"uv": [7.75, 6, 7.25, 6.5], "texture": "#0"}
			}
		},
		{
			"from": [3.801, 5.201, 6.601],
			"to": [12.199, 6.224, 9.399],
			"rotation": {"angle": 0, "axis": "y", "origin": [7, 4.5, 7]},
			"faces": {
				"north": {"uv": [5.25, 4, 7.25, 4.25], "texture": "#0"},
				"east": {"uv": [7, 5, 7.75, 5.25], "texture": "#0"},
				"south": {"uv": [5.25, 4.25, 7.25, 4.5], "texture": "#0"},
				"west": {"uv": [7.25, 0.5, 8, 0.75], "texture": "#0"},
				"up": {"uv": [7, 5.25, 5, 4.5], "texture": "#0"},
				"down": {"uv": [7.25, 0, 5.25, 0.75], "texture": "#0"}
			}
		},
		{
			"from": [5.476, 4.501, 6.601],
			"to": [10.524, 5.299, 9.399],
			"rotation": {"angle": 0, "axis": "y", "origin": [7, 3.5, 7]},
			"faces": {
				"north": {"uv": [6.75, 5.25, 8, 5.5], "texture": "#0"},
				"east": {"uv": [7.25, 7, 8, 7.25], "texture": "#0"},
				"south": {"uv": [6.75, 5.5, 8, 5.75], "texture": "#0"},
				"west": {"uv": [7.25, 7.25, 8, 7.5], "texture": "#0"},
				"up": {"uv": [6.5, 4, 5.25, 3.25], "texture": "#0"},
				"down": {"uv": [7, 0.75, 5.75, 1.5], "texture": "#0"}
			}
		},
		{
			"from": [4.8, 5.925, 7.6],
			"to": [11.225, 26, 8.4],
			"rotation": {"angle": 0, "axis": "y", "origin": [7, 6.5, 7]},
			"faces": {
				"north": {"uv": [0, 0, 1.5, 5], "texture": "#0"},
				"east": {"uv": [2.75, 5, 3, 10], "texture": "#0"},
				"south": {"uv": [1.5, 0, 0, 5], "texture": "#0"},
				"west": {"uv": [5, 5.25, 5.25, 10.25], "texture": "#0"},
				"up": {"uv": [8.25, 1.75, 6.75, 1.5], "texture": "#0"},
				"down": {"uv": [8.25, 1.75, 6.75, 2], "texture": "#0"}
			}
		},
		{
			"from": [6.65, 5.925, 7.45],
			"to": [9.375, 24, 7.75],
			"rotation": {"angle": 0, "axis": "y", "origin": [7, 6.5, 6.85]},
			"faces": {
				"north": {"uv": [3, 0, 3.75, 4.5], "texture": "#0"},
				"east": {"uv": [5.25, 5.25, 5.5, 9.75], "texture": "#0"},
				"south": {"uv": [3.75, 0, 4.5, 4.5], "texture": "#0"},
				"west": {"uv": [5.5, 5.25, 5.75, 9.75], "texture": "#0"},
				"up": {"uv": [6.5, 3.25, 5.75, 3], "texture": "#0"},
				"down": {"uv": [7.75, 1.25, 7, 1.5], "texture": "#0"}
			}
		},
		{
			"from": [6.65, 5.925, 8.25],
			"to": [9.375, 24, 8.55],
			"rotation": {"angle": 0, "axis": "y", "origin": [7, 6.5, 7.65]},
			"faces": {
				"north": {"uv": [4.5, 0, 5.25, 4.5], "texture": "#0"},
				"east": {"uv": [3.75, 5.75, 4, 10.25], "texture": "#0"},
				"south": {"uv": [3.75, 0, 3, 4.5], "texture": "#0"},
				"west": {"uv": [4, 5.75, 4.25, 10.25], "texture": "#0"},
				"up": {"uv": [8.25, 1, 7.5, 0.75], "texture": "#0"},
				"down": {"uv": [1.75, 7.5, 1, 7.75], "texture": "#0"}
			}
		},
		{
			"from": [7.985, 23.86, 7.61],
			"to": [12.49, 28.415, 8.39],
			"rotation": {"angle": 45, "axis": "z", "origin": [9.3, 23.3875, 8]},
			"faces": {
				"north": {"uv": [3.75, 4.5, 5, 5.75], "texture": "#0"},
				"east": {"uv": [1, 6.25, 1.25, 7.5], "texture": "#0"},
				"south": {"uv": [5, 4.5, 3.75, 5.75], "texture": "#0"},
				"west": {"uv": [4.25, 6.75, 4.5, 8], "texture": "#0"},
				"up": {"uv": [7, 7, 5.75, 6.75], "texture": "#0"},
				"down": {"uv": [8, 5.75, 6.75, 6], "texture": "#0"}
			}
		},
		{
			"from": [9.84289, 5.64289, 6.6],
			"to": [14.26789, 7.46789, 9.4],
			"rotation": {"angle": 22.5, "axis": "z", "origin": [13.06789, 6.81789, 8]},
			"faces": {
				"north": {"uv": [0, 6.25, 1, 6.75], "texture": "#0"},
				"east": {"uv": [4.25, 5.75, 5, 6.25], "texture": "#0"},
				"south": {"uv": [6.5, 3, 7.5, 3.5], "texture": "#0"},
				"west": {"uv": [4.25, 6.25, 5, 6.75], "texture": "#0"},
				"up": {"uv": [6.75, 2.25, 5.75, 1.5], "texture": "#0"},
				"down": {"uv": [6.75, 2.25, 5.75, 3], "texture": "#0"}
			}
		},
		{
			"from": [1.73211, 5.64289, 6.6],
			"to": [6.15711, 7.46789, 9.4],
			"rotation": {"angle": -22.5, "axis": "z", "origin": [2.93211, 6.81789, 8]},
			"faces": {
				"north": {"uv": [6.5, 3.5, 7.5, 4], "texture": "#0"},
				"east": {"uv": [6.75, 2, 7.5, 2.5], "texture": "#0"},
				"south": {"uv": [0, 6.75, 1, 7.25], "texture": "#0"},
				"west": {"uv": [6.75, 2.5, 7.5, 3], "texture": "#0"},
				"up": {"uv": [6.75, 6, 5.75, 5.25], "texture": "#0"},
				"down": {"uv": [6.75, 6, 5.75, 6.75], "texture": "#0"}
			}
		}
	],
	"display": {
		"thirdperson_righthand": {
			"rotation": [0, -90, 0],
			"translation": [0, 2.5, 0.5],
			"scale": [0.6, 0.6, 0.6]
		},
		"thirdperson_lefthand": {
			"rotation": [0, -90, 0],
			"translation": [0, 2.5, 0.5],
			"scale": [0.6, 0.6, 0.6]
		},
		"firstperson_righthand": {
			"rotation": [-4, -90, 0],
			"translation": [4.25, -2, -1.25],
			"scale": [0.8, 0.8, 0.8]
		},
		"firstperson_lefthand": {
			"rotation": [-4, -90, 0],
			"translation": [4.25, -2, -1.25],
			"scale": [0.8, 0.8, 0.8]
		},
		"ground": {
			"rotation": [-90, 0, 0],
			"translation": [0, 0.75, 0],
			"scale": [0.5, 0.5, 0.5]
		},
		"gui": {
			"rotation": [0, 180, 40],
			"translation": [-0.75, -1.25, 0],
			"scale": [0.54, 0.54, 0.54]
		},
		"head": {
			"rotation": [-180, 0, -20],
			"translation": [-4.5, 13, 0]
		}
	},
	"groups": [
		{
			"name": "group",
			"origin": [0, 0, 0],
			"color": 0,
			"children": [0, 1, 2, 3, 4, 5, 6, 7, 8, 9, 10]
		}
	]
}