{
	"credit": "Made with Blockbench",
	"texture_size": [128, 128],
	"textures": {
		"0": "minecraft:item/lootdrop",
		"particle": "minecraft:item/campfire"
	},
	"elements": [
		{
			"name": "Main Box",
			"from": [1, 1, 1],
			"to": [15, 15, 15],
			"rotation": {"angle": 0, "axis": "y", "origin": [7, 0, 7]},
			"faces": {
				"north": {"uv": [5.125, 3.5, 6.875, 5.25], "texture": "#0"},
				"east": {"uv": [1.75, 5.25, 3.5, 7], "texture": "#0"},
				"south": {"uv": [3.5, 5.25, 5.25, 7], "texture": "#0"},
				"west": {"uv": [5.25, 5.25, 7, 7], "texture": "#0"},
				"up": {"uv": [1.75, 7.5, 0, 5.75], "texture": "#0"},
				"down": {"uv": [8.625, 0, 6.875, 1.75], "texture": "#0"}
			}
		},
		{
			"name": "Frame N u",
			"from": [1, 0, 0],
			"to": [15, 1, 1],
			"rotation": {"angle": 0, "axis": "y", "origin": [3, 0, 0]},
			"faces": {
				"north": {"uv": [8.625, 1, 10.375, 1.125], "texture": "#0"},
				"east": {"uv": [3.25, 4, 3.375, 4.125], "texture": "#0"},
				"south": {"uv": [8.625, 1.125, 10.375, 1.25], "texture": "#0"},
				"west": {"uv": [3.25, 4.125, 3.375, 4.25], "texture": "#0"},
				"up": {"uv": [10.375, 1.375, 8.625, 1.25], "texture": "#0"},
				"down": {"uv": [10.375, 1.375, 8.625, 1.5], "texture": "#0"}
			}
		},
		{
			"name": "Frame N o",
			"from": [1, 15, 0],
			"to": [15, 16, 1],
			"rotation": {"angle": 0, "axis": "y", "origin": [3, 15, 0]},
			"faces": {
				"north": {"uv": [8.625, 1.5, 10.375, 1.625], "texture": "#0"},
				"east": {"uv": [3.25, 4.25, 3.375, 4.375], "texture": "#0"},
				"south": {"uv": [8.625, 1.625, 10.375, 1.75], "texture": "#0"},
				"west": {"uv": [3.25, 4.375, 3.375, 4.5], "texture": "#0"},
				"up": {"uv": [5.5, 9.125, 3.75, 9], "texture": "#0"},
				"down": {"uv": [10.75, 6.5, 9, 6.625], "texture": "#0"}
			}
		},
		{
			"name": "Frame O o",
			"from": [15, 15, 1],
			"to": [16, 16, 15],
			"rotation": {"angle": 0, "axis": "y", "origin": [16, 15, 3]},
			"faces": {
				"north": {"uv": [3.25, 4.5, 3.375, 4.625], "texture": "#0"},
				"east": {"uv": [9, 6.625, 10.75, 6.75], "texture": "#0"},
				"south": {"uv": [3.25, 4.625, 3.375, 4.75], "texture": "#0"},
				"west": {"uv": [9, 6.75, 10.75, 6.875], "texture": "#0"},
				"up": {"uv": [5.625, 10.75, 5.5, 9], "texture": "#0"},
				"down": {"uv": [5.75, 9, 5.625, 10.75], "texture": "#0"}
			}
		},
		{
			"name": "Frame O u",
			"from": [15, 0, 1],
			"to": [16, 1, 15],
			"rotation": {"angle": 0, "axis": "y", "origin": [16, 0, 3]},
			"faces": {
				"north": {"uv": [3.25, 4.75, 3.375, 4.875], "texture": "#0"},
				"east": {"uv": [9, 7, 10.75, 7.125], "texture": "#0"},
				"south": {"uv": [3.25, 4.875, 3.375, 5], "texture": "#0"},
				"west": {"uv": [9, 7.125, 10.75, 7.25], "texture": "#0"},
				"up": {"uv": [5.875, 10.75, 5.75, 9], "texture": "#0"},
				"down": {"uv": [6, 9, 5.875, 10.75], "texture": "#0"}
			}
		},
		{
			"name": "Frame S u",
			"from": [1, 0, 15],
			"to": [15, 1, 16],
			"rotation": {"angle": 0, "axis": "y", "origin": [13, 0, 16]},
			"faces": {
				"north": {"uv": [9, 7.25, 10.75, 7.375], "texture": "#0"},
				"east": {"uv": [1.75, 5, 1.875, 5.125], "texture": "#0"},
				"south": {"uv": [9, 7.375, 10.75, 7.5], "texture": "#0"},
				"west": {"uv": [1.875, 5, 2, 5.125], "texture": "#0"},
				"up": {"uv": [10.75, 7.625, 9, 7.5], "texture": "#0"},
				"down": {"uv": [10.75, 7.625, 9, 7.75], "texture": "#0"}
			}
		},
		{
			"name": "Frame S o",
			"from": [1, 15, 15],
			"to": [15, 16, 16],
			"rotation": {"angle": 0, "axis": "y", "origin": [13, 15, 16]},
			"faces": {
				"north": {"uv": [9, 7.75, 10.75, 7.875], "texture": "#0"},
				"east": {"uv": [2, 5, 2.125, 5.125], "texture": "#0"},
				"south": {"uv": [9, 7.875, 10.75, 8], "texture": "#0"},
				"west": {"uv": [2.125, 5, 2.25, 5.125], "texture": "#0"},
				"up": {"uv": [10.75, 8.125, 9, 8], "texture": "#0"},
				"down": {"uv": [10.75, 8.125, 9, 8.25], "texture": "#0"}
			}
		},
		{
			"name": "Frame W u",
			"from": [0, 0, 1],
			"to": [1, 1, 15],
			"rotation": {"angle": 0, "axis": "y", "origin": [1, 0, 3]},
			"faces": {
				"north": {"uv": [2.25, 5, 2.375, 5.125], "texture": "#0"},
				"east": {"uv": [9, 8.25, 10.75, 8.375], "texture": "#0"},
				"south": {"uv": [2.375, 5, 2.5, 5.125], "texture": "#0"},
				"west": {"uv": [9, 8.375, 10.75, 8.5], "texture": "#0"},
				"up": {"uv": [6.125, 10.75, 6, 9], "texture": "#0"},
				"down": {"uv": [6.25, 9, 6.125, 10.75], "texture": "#0"}
			}
		},
		{
			"name": "Frame W o",
			"from": [0, 15, 1],
			"to": [1, 16, 15],
			"rotation": {"angle": 0, "axis": "y", "origin": [1, 15, 3]},
			"faces": {
				"north": {"uv": [2.5, 5, 2.625, 5.125], "texture": "#0"},
				"east": {"uv": [9, 8.5, 10.75, 8.625], "texture": "#0"},
				"south": {"uv": [2.625, 5, 2.75, 5.125], "texture": "#0"},
				"west": {"uv": [9, 8.625, 10.75, 8.75], "texture": "#0"},
				"up": {"uv": [9.125, 10.5, 9, 8.75], "texture": "#0"},
				"down": {"uv": [3.875, 9.125, 3.75, 10.875], "texture": "#0"}
			}
		},
		{
			"name": "Frame side",
			"from": [15, 0, 0],
			"to": [16, 16, 1],
			"rotation": {"angle": 0, "axis": "y", "origin": [14, 0, 0]},
			"faces": {
				"north": {"uv": [1.75, 9, 1.875, 11], "texture": "#0"},
				"east": {"uv": [1.875, 9, 2, 11], "texture": "#0"},
				"south": {"uv": [2, 9, 2.125, 11], "texture": "#0"},
				"west": {"uv": [2.125, 9, 2.25, 11], "texture": "#0"},
				"up": {"uv": [2.875, 5.125, 2.75, 5], "texture": "#0"},
				"down": {"uv": [3, 5, 2.875, 5.125], "texture": "#0"}
			}
		},
		{
			"name": "Frame side",
			"from": [0, 0, 0],
			"to": [1, 16, 1],
			"rotation": {"angle": 0, "axis": "y", "origin": [-1, 0, 0]},
			"faces": {
				"north": {"uv": [2.25, 9, 2.375, 11], "texture": "#0"},
				"east": {"uv": [2.375, 9, 2.5, 11], "texture": "#0"},
				"south": {"uv": [2.5, 9, 2.625, 11], "texture": "#0"},
				"west": {"uv": [2.625, 9, 2.75, 11], "texture": "#0"},
				"up": {"uv": [3.125, 5.125, 3, 5], "texture": "#0"},
				"down": {"uv": [3.25, 5, 3.125, 5.125], "texture": "#0"}
			}
		},
		{
			"name": "Frame side",
			"from": [0, 0, 15],
			"to": [1, 16, 16],
			"rotation": {"angle": 0, "axis": "y", "origin": [-1, 0, 15]},
			"faces": {
				"north": {"uv": [2.75, 9, 2.875, 11], "texture": "#0"},
				"east": {"uv": [2.875, 9, 3, 11], "texture": "#0"},
				"south": {"uv": [3, 9, 3.125, 11], "texture": "#0"},
				"west": {"uv": [3.125, 9, 3.25, 11], "texture": "#0"},
				"up": {"uv": [3.375, 5.125, 3.25, 5], "texture": "#0"},
				"down": {"uv": [1.875, 5.125, 1.75, 5.25], "texture": "#0"}
			}
		},
		{
			"name": "Frame side",
			"from": [15, 0, 15],
			"to": [16, 16, 16],
			"rotation": {"angle": 0, "axis": "y", "origin": [14, 0, 15]},
			"faces": {
				"north": {"uv": [3.25, 9, 3.375, 11], "texture": "#0"},
				"east": {"uv": [3.375, 9, 3.5, 11], "texture": "#0"},
				"south": {"uv": [3.5, 9, 3.625, 11], "texture": "#0"},
				"west": {"uv": [3.625, 9, 3.75, 11], "texture": "#0"},
				"up": {"uv": [2, 5.25, 1.875, 5.125], "texture": "#0"},
				"down": {"uv": [2.125, 5.125, 2, 5.25], "texture": "#0"}
			}
		},
		{
			"name": "Frame Diagonal",
			"from": [4.002, 0.002, 0.002],
			"to": [4.998, 20.998, 0.998],
			"rotation": {"angle": -45, "axis": "z", "origin": [3, 5, 0]},
			"faces": {
				"north": {"uv": [0, 7.5, 0.125, 10.125], "texture": "#0"},
				"east": {"uv": [0.125, 7.5, 0.25, 10.125], "texture": "#0"},
				"south": {"uv": [0.25, 7.5, 0.375, 10.125], "texture": "#0"},
				"west": {"uv": [0.375, 7.5, 0.5, 10.125], "texture": "#0"},
				"up": {"uv": [2.25, 5.25, 2.125, 5.125], "texture": "#0"},
				"down": {"uv": [2.375, 5.125, 2.25, 5.25], "texture": "#0"}
			}
		},
		{
			"name": "Frame Diagonal",
			"from": [4.002, 0.002, -4.998],
			"to": [4.998, 0.998, 15.998],
			"rotation": {"angle": -45, "axis": "y", "origin": [3, 0, 11]},
			"faces": {
				"north": {"uv": [2.375, 5.125, 2.5, 5.25], "texture": "#0"},
				"east": {"uv": [7, 6.875, 9.625, 7], "texture": "#0"},
				"south": {"uv": [2.5, 5.125, 2.625, 5.25], "texture": "#0"},
				"west": {"uv": [6.25, 7.625, 8.875, 7.75], "texture": "#0"},
				"up": {"uv": [0.625, 10.125, 0.5, 7.5], "texture": "#0"},
				"down": {"uv": [0.75, 7.5, 0.625, 10.125], "texture": "#0"}
			}
		},
		{
			"name": "Frame Diagonal",
			"from": [0.001, 0.001, 4.001],
			"to": [20.999, 0.999, 4.999],
			"rotation": {"angle": -45, "axis": "y", "origin": [5, 0, 3]},
			"faces": {
				"north": {"uv": [7.625, 6.25, 10.25, 6.375], "texture": "#0"},
				"east": {"uv": [2.625, 5.125, 2.75, 5.25], "texture": "#0"},
				"south": {"uv": [7.625, 6.375, 10.25, 6.5], "texture": "#0"},
				"west": {"uv": [2.75, 5.125, 2.875, 5.25], "texture": "#0"},
				"up": {"uv": [10.375, 1.875, 7.75, 1.75], "texture": "#0"},
				"down": {"uv": [10.375, 1.875, 7.75, 2], "texture": "#0"}
			}
		},
		{
			"name": "Frame Diagonal",
			"from": [4.001, 15.001, -4.999],
			"to": [4.999, 15.999, 15.999],
			"rotation": {"angle": -45, "axis": "y", "origin": [3, 15, 11]},
			"faces": {
				"north": {"uv": [2.875, 5.125, 3, 5.25], "texture": "#0"},
				"east": {"uv": [7.75, 2, 10.375, 2.125], "texture": "#0"},
				"south": {"uv": [3, 5.125, 3.125, 5.25], "texture": "#0"},
				"west": {"uv": [7.75, 2.125, 10.375, 2.25], "texture": "#0"},
				"up": {"uv": [0.875, 10.125, 0.75, 7.5], "texture": "#0"},
				"down": {"uv": [1, 7.5, 0.875, 10.125], "texture": "#0"}
			}
		},
		{
			"name": "Frame Diagonal",
			"from": [0.002, 15.002, 4.002],
			"to": [20.998, 15.998, 4.998],
			"rotation": {"angle": -45, "axis": "y", "origin": [5, 15, 3]},
			"faces": {
				"north": {"uv": [7.75, 2.25, 10.375, 2.375], "texture": "#0"},
				"east": {"uv": [3.125, 5.125, 3.25, 5.25], "texture": "#0"},
				"south": {"uv": [7.75, 2.375, 10.375, 2.5], "texture": "#0"},
				"west": {"uv": [3.25, 5.125, 3.375, 5.25], "texture": "#0"},
				"up": {"uv": [10.375, 2.625, 7.75, 2.5], "texture": "#0"},
				"down": {"uv": [10.375, 2.625, 7.75, 2.75], "texture": "#0"}
			}
		},
		{
			"name": "Frame Diagonal",
			"from": [4.001, 0.001, 15.001],
			"to": [4.999, 20.999, 15.999],
			"rotation": {"angle": -45, "axis": "z", "origin": [3, 5, 15]},
			"faces": {
				"north": {"uv": [1, 7.5, 1.125, 10.125], "texture": "#0"},
				"east": {"uv": [1.125, 7.5, 1.25, 10.125], "texture": "#0"},
				"south": {"uv": [1.25, 7.5, 1.375, 10.125], "texture": "#0"},
				"west": {"uv": [1.375, 7.5, 1.5, 10.125], "texture": "#0"},
				"up": {"uv": [7, 4.625, 6.875, 4.5], "texture": "#0"},
				"down": {"uv": [7, 4.625, 6.875, 4.75], "texture": "#0"}
			}
		},
		{
			"name": "Frame Diagonal",
			"from": [12.002, -1.998, 15.002],
			"to": [12.998, 18.998, 15.998],
			"rotation": {"angle": 45, "axis": "z", "origin": [11, 3, 15]},
			"faces": {
				"north": {"uv": [1.5, 7.5, 1.625, 10.125], "texture": "#0"},
				"east": {"uv": [1.625, 7.5, 1.75, 10.125], "texture": "#0"},
				"south": {"uv": [6.25, 7.75, 6.375, 10.375], "texture": "#0"},
				"west": {"uv": [6.375, 7.75, 6.5, 10.375], "texture": "#0"},
				"up": {"uv": [7, 4.875, 6.875, 4.75], "texture": "#0"},
				"down": {"uv": [7, 4.875, 6.875, 5], "texture": "#0"}
			}
		},
		{
			"name": "Frame Diagonal",
			"from": [12.001, -1.999, 0.001],
			"to": [12.999, 18.999, 0.999],
			"rotation": {"angle": 45, "axis": "z", "origin": [11, 3, 0]},
			"faces": {
				"north": {"uv": [6.5, 7.75, 6.625, 10.375], "texture": "#0"},
				"east": {"uv": [6.625, 7.75, 6.75, 10.375], "texture": "#0"},
				"south": {"uv": [6.75, 7.75, 6.875, 10.375], "texture": "#0"},
				"west": {"uv": [6.875, 7.75, 7, 10.375], "texture": "#0"},
				"up": {"uv": [7, 5.125, 6.875, 5], "texture": "#0"},
				"down": {"uv": [7, 5.125, 6.875, 5.25], "texture": "#0"}
			}
		},
		{
			"name": "Frame Diagonal",
			"from": [0.001, -1.999, 3.001],
			"to": [0.999, 18.999, 3.999],
			"rotation": {"angle": 45, "axis": "x", "origin": [0, 3, 5]},
			"faces": {
				"north": {"uv": [7, 7.75, 7.125, 10.375], "texture": "#0"},
				"east": {"uv": [7.125, 7.75, 7.25, 10.375], "texture": "#0"},
				"south": {"uv": [7.25, 7.75, 7.375, 10.375], "texture": "#0"},
				"west": {"uv": [7.375, 7.75, 7.5, 10.375], "texture": "#0"},
				"up": {"uv": [8.375, 7.125, 8.25, 7], "texture": "#0"},
				"down": {"uv": [8.375, 7.125, 8.25, 7.25], "texture": "#0"}
			}
		},
		{
			"name": "Frame Diagonal",
			"from": [15.002, -1.998, 3.002],
			"to": [15.998, 18.998, 3.998],
			"rotation": {"angle": 45, "axis": "x", "origin": [15, 3, 5]},
			"faces": {
				"north": {"uv": [7.5, 7.75, 7.625, 10.375], "texture": "#0"},
				"east": {"uv": [7.625, 7.75, 7.75, 10.375], "texture": "#0"},
				"south": {"uv": [7.75, 7.75, 7.875, 10.375], "texture": "#0"},
				"west": {"uv": [7.875, 7.75, 8, 10.375], "texture": "#0"},
				"up": {"uv": [8.375, 7.375, 8.25, 7.25], "texture": "#0"},
				"down": {"uv": [8.375, 7.375, 8.25, 7.5], "texture": "#0"}
			}
		},
		{
			"name": "Frame Diagonal",
			"from": [15.001, -4.999, 4.001],
			"to": [15.999, 15.999, 4.999],
			"rotation": {"angle": -45, "axis": "x", "origin": [15, 11, 3]},
			"faces": {
				"north": {"uv": [8, 7.75, 8.125, 10.375], "texture": "#0"},
				"east": {"uv": [8.125, 7.75, 8.25, 10.375], "texture": "#0"},
				"south": {"uv": [8.25, 7.75, 8.375, 10.375], "texture": "#0"},
				"west": {"uv": [8.375, 7.75, 8.5, 10.375], "texture": "#0"},
				"up": {"uv": [8.375, 7.625, 8.25, 7.5], "texture": "#0"},
				"down": {"uv": [8.5, 7, 8.375, 7.125], "texture": "#0"}
			}
		},
		{
			"name": "Frame Diagonal",
			"from": [0.002, -4.998, 4.002],
			"to": [0.998, 15.998, 4.998],
			"rotation": {"angle": -45, "axis": "x", "origin": [0, 11, 3]},
			"faces": {
				"north": {"uv": [8.5, 7.75, 8.625, 10.375], "texture": "#0"},
				"east": {"uv": [8.625, 7.75, 8.75, 10.375], "texture": "#0"},
				"south": {"uv": [8.75, 7.75, 8.875, 10.375], "texture": "#0"},
				"west": {"uv": [8.875, 7, 9, 9.625], "texture": "#0"},
				"up": {"uv": [8.5, 7.25, 8.375, 7.125], "texture": "#0"},
				"down": {"uv": [8.5, 7.25, 8.375, 7.375], "texture": "#0"}
			}
		},
		{
			"from": [-13, 28, 0],
			"to": [-6, 30, 16],
			"rotation": {"angle": 0, "axis": "y", "origin": [-16, 24, 2]},
			"faces": {
				"north": {"uv": [1.75, 4, 2.625, 4.25], "texture": "#0"},
				"east": {"uv": [6.25, 7.375, 8.25, 7.625], "texture": "#0"},
				"south": {"uv": [1.75, 4.25, 2.625, 4.5], "texture": "#0"},
				"west": {"uv": [7.625, 4.5, 9.625, 4.75], "texture": "#0"},
				"up": {"uv": [7.75, 3.75, 6.875, 1.75], "texture": "#0"},
				"down": {"uv": [2.625, 7, 1.75, 9], "texture": "#0"}
			}
		},
		{
			"from": [21, 28, 0],
			"to": [28, 30, 16],
			"rotation": {"angle": 0, "axis": "y", "origin": [18, 24, 2]},
			"faces": {
				"north": {"uv": [1.75, 4.5, 2.625, 4.75], "texture": "#0"},
				"east": {"uv": [7.625, 4.75, 9.625, 5], "texture": "#0"},
				"south": {"uv": [1.75, 4.75, 2.625, 5], "texture": "#0"},
				"west": {"uv": [7.625, 5, 9.625, 5.25], "texture": "#0"},
				"up": {"uv": [3.5, 9, 2.625, 7], "texture": "#0"},
				"down": {"uv": [4.375, 7, 3.5, 9], "texture": "#0"}
			}
		},
		{
			"from": [-16, 26, 0],
			"to": [-11, 28, 16],
			"rotation": {"angle": 0, "axis": "y", "origin": [-19, 22, 2]},
			"faces": {
				"north": {"uv": [2.625, 4, 3.25, 4.25], "texture": "#0"},
				"east": {"uv": [7.625, 5.25, 9.625, 5.5], "texture": "#0"},
				"south": {"uv": [2.625, 4.25, 3.25, 4.5], "texture": "#0"},
				"west": {"uv": [7.625, 5.5, 9.625, 5.75], "texture": "#0"},
				"up": {"uv": [5, 9, 4.375, 7], "texture": "#0"},
				"down": {"uv": [7.625, 4.5, 7, 6.5], "texture": "#0"}
			}
		},
		{
			"from": [27, 26, 0],
			"to": [32, 28, 16],
			"rotation": {"angle": 0, "axis": "y", "origin": [24, 22, 2]},
			"faces": {
				"north": {"uv": [2.625, 4.5, 3.25, 4.75], "texture": "#0"},
				"east": {"uv": [7.625, 5.75, 9.625, 6], "texture": "#0"},
				"south": {"uv": [2.625, 4.75, 3.25, 5], "texture": "#0"},
				"west": {"uv": [7.625, 6, 9.625, 6.25], "texture": "#0"},
				"up": {"uv": [5.625, 9, 5, 7], "texture": "#0"},
				"down": {"uv": [6.25, 7, 5.625, 9], "texture": "#0"}
			}
		},
		{
			"from": [-6, 29, 0],
			"to": [21, 32, 16],
			"rotation": {"angle": 0, "axis": "y", "origin": [3, 24, 2]},
			"faces": {
				"north": {"uv": [6.875, 3.75, 10.25, 4.125], "texture": "#0"},
				"east": {"uv": [6.25, 7, 8.25, 7.375], "texture": "#0"},
				"south": {"uv": [6.875, 4.125, 10.25, 4.5], "texture": "#0"},
				"west": {"uv": [7, 6.5, 9, 6.875], "texture": "#0"},
				"up": {"uv": [3.375, 2, 0, 0], "texture": "#0"},
				"down": {"uv": [3.375, 2, 0, 4], "texture": "#0"}
			}
		},
		{
			"from": [7, 14, 3],
			"to": [27, 15, 4],
			"rotation": {"angle": 45, "axis": "z", "origin": [7, 16, 3]},
			"faces": {
				"north": {"uv": [7.75, 2.75, 10.25, 2.875], "texture": "#0"},
				"east": {"uv": [8.375, 7.375, 8.5, 7.5], "texture": "#0"},
				"south": {"uv": [7.75, 2.875, 10.25, 3], "texture": "#0"},
				"west": {"uv": [8.375, 7.5, 8.5, 7.625], "texture": "#0"},
				"up": {"uv": [10.25, 3.125, 7.75, 3], "texture": "#0"},
				"down": {"uv": [10.25, 3.125, 7.75, 3.25], "texture": "#0"}
			}
		},
		{
			"from": [-12, 14, 3],
			"to": [8, 15, 4],
			"rotation": {"angle": -45, "axis": "z", "origin": [8, 16, 3]},
			"faces": {
				"north": {"uv": [7.75, 3.25, 10.25, 3.375], "texture": "#0"},
				"east": {"uv": [8.5, 7, 8.625, 7.125], "texture": "#0"},
				"south": {"uv": [7.75, 3.375, 10.25, 3.5], "texture": "#0"},
				"west": {"uv": [8.5, 7.125, 8.625, 7.25], "texture": "#0"},
				"up": {"uv": [10.25, 3.625, 7.75, 3.5], "texture": "#0"},
				"down": {"uv": [10.25, 3.625, 7.75, 3.75], "texture": "#0"}
			}
		},
		{
			"from": [7, 14, 12],
			"to": [27, 15, 13],
			"rotation": {"angle": 45, "axis": "z", "origin": [7, 16, 12]},
			"faces": {
				"north": {"uv": [8.625, 0, 11.125, 0.125], "texture": "#0"},
				"east": {"uv": [8.5, 7.25, 8.625, 7.375], "texture": "#0"},
				"south": {"uv": [8.625, 0.125, 11.125, 0.25], "texture": "#0"},
				"west": {"uv": [8.5, 7.375, 8.625, 7.5], "texture": "#0"},
				"up": {"uv": [11.125, 0.375, 8.625, 0.25], "texture": "#0"},
				"down": {"uv": [11.125, 0.375, 8.625, 0.5], "texture": "#0"}
			}
		},
		{
			"from": [-12, 14, 12],
			"to": [8, 15, 13],
			"rotation": {"angle": -45, "axis": "z", "origin": [8, 16, 12]},
			"faces": {
				"north": {"uv": [8.625, 0.5, 11.125, 0.625], "texture": "#0"},
				"east": {"uv": [8.5, 7.5, 8.625, 7.625], "texture": "#0"},
				"south": {"uv": [8.625, 0.625, 11.125, 0.75], "texture": "#0"},
				"west": {"uv": [8.625, 7, 8.75, 7.125], "texture": "#0"},
				"up": {"uv": [11.125, 0.875, 8.625, 0.75], "texture": "#0"},
				"down": {"uv": [11.125, 0.875, 8.625, 1], "texture": "#0"}
			}
		},
		{
			"from": [7.29389, 15.29389, 3.001],
			"to": [8.29189, 16.29189, 3.999],
			"rotation": {"angle": -45, "axis": "z", "origin": [6.29289, 15.29289, 3]},
			"faces": {
				"north": {"uv": [8.625, 7.125, 8.75, 7.25], "texture": "#0"},
				"east": {"uv": [8.625, 7.25, 8.75, 7.375], "texture": "#0"},
				"south": {"uv": [8.625, 7.375, 8.75, 7.5], "texture": "#0"},
				"west": {"uv": [8.625, 7.5, 8.75, 7.625], "texture": "#0"},
				"up": {"uv": [8.875, 7.125, 8.75, 7], "texture": "#0"},
				"down": {"uv": [8.875, 7.125, 8.75, 7.25], "texture": "#0"}
			}
		},
		{
			"from": [6.87868, 15.29289, 3],
			"to": [7.87868, 16.29289, 4],
			"rotation": {"angle": -45, "axis": "z", "origin": [5.87868, 15.29289, 3]},
			"faces": {
				"north": {"uv": [8.75, 7.25, 8.875, 7.375], "texture": "#0"},
				"east": {"uv": [8.75, 7.375, 8.875, 7.5], "texture": "#0"},
				"south": {"uv": [8.75, 7.5, 8.875, 7.625], "texture": "#0"},
				"west": {"uv": [3.875, 9.125, 4, 9.25], "texture": "#0"},
				"up": {"uv": [4.125, 9.25, 4, 9.125], "texture": "#0"},
				"down": {"uv": [4.25, 9.125, 4.125, 9.25], "texture": "#0"}
			}
		},
		{
			"from": [7.29389, 15.29389, 12.001],
			"to": [8.29189, 16.29189, 12.999],
			"rotation": {"angle": -45, "axis": "z", "origin": [6.29289, 15.29289, 12]},
			"faces": {
				"north": {"uv": [4.25, 9.125, 4.375, 9.25], "texture": "#0"},
				"east": {"uv": [4.375, 9.125, 4.5, 9.25], "texture": "#0"},
				"south": {"uv": [4.5, 9.125, 4.625, 9.25], "texture": "#0"},
				"west": {"uv": [4.625, 9.125, 4.75, 9.25], "texture": "#0"},
				"up": {"uv": [4.875, 9.25, 4.75, 9.125], "texture": "#0"},
				"down": {"uv": [5, 9.125, 4.875, 9.25], "texture": "#0"}
			}
		},
		{
			"from": [6.87868, 15.29289, 12],
			"to": [7.87868, 16.29289, 13],
			"rotation": {"angle": -45, "axis": "z", "origin": [5.87868, 15.29289, 12]},
			"faces": {
				"north": {"uv": [5, 9.125, 5.125, 9.25], "texture": "#0"},
				"east": {"uv": [5.125, 9.125, 5.25, 9.25], "texture": "#0"},
				"south": {"uv": [5.25, 9.125, 5.375, 9.25], "texture": "#0"},
				"west": {"uv": [5.375, 9.125, 5.5, 9.25], "texture": "#0"},
				"up": {"uv": [9.25, 8.875, 9.125, 8.75], "texture": "#0"},
				"down": {"uv": [9.25, 8.875, 9.125, 9], "texture": "#0"}
			}
		}
	],
	"display": {
		"gui": {
			"translation": [0, -4.5, 0],
			"scale": [0.5, 0.5, 1]
		},
		"head": {
			"translation": [0, 14.5, 0],
			"scale": [4, 4, 4]
		}
	},
	"groups": [
		{
			"name": "Box",
			"origin": [7, 0, 7],
			"color": 0,
			"children": [
				0,
				{
					"name": "Frame N",
					"origin": [14, 13, 0],
					"color": 3,
					"children": [1, 2]
				},
				{
					"name": "Frame O",
					"origin": [14, 13, 0],
					"color": 3,
					"children": [3, 4]
				},
				{
					"name": "Frame S",
					"origin": [14, 13, 0],
					"color": 3,
					"children": [5, 6]
				},
				{
					"name": "Frame W",
					"origin": [14, 13, 0],
					"color": 3,
					"children": [7, 8]
				},
				{
					"name": "Frame side",
					"origin": [14, 0, 15],
					"color": 3,
					"children": [9, 10, 11, 12]
				},
				{
					"name": "Frame Diagonal",
					"origin": [3, 5, 15],
					"color": 0,
					"children": [13, 14, 15, 16, 17, 18, 19, 20, 21, 22, 23, 24]
				}
			]
		},
		{
			"name": "Ballon",
			"origin": [12, 0, 2],
			"color": 0,
			"children": [
				25,
				26,
				27,
				28,
				29,
				{
					"name": "String",
					"origin": [0, 0, 0],
					"color": 0,
					"children": [30, 31, 32, 33, 34, 35, 36, 37]
				}
			]
		}
	]
}